NAME,IP_fans,RA9_fans,IP_marcel,RA9_marcel,IP_rotochamp,RA9_rotochamp,IP_zips,RA9_zips,playerID,yearID,stint,teamID,lgID,W,L,G,GS,CG,SHO,SV,IPouts,H,ER,HR,BB,SO,BAOpp,ERA,IBB,WP,HBP,BK,BFP,GF,R,SH,SF,GIDP,birthYear,birthMonth,birthDay,birthCountry,birthState,birthCity,deathYear,deathMonth,deathDay,deathCountry,deathState,deathCity,nameFirst,nameLast,nameGiven,weight,height,bats,throws,debut,finalGame,retroID,bbrefID,deathDate,birthDate,IP,RA9
Aaron Crow,127,4.18740227,56,4.132736444,150,3.607944515,67.3,4.963656999,crowaa01,2012,1,KCA,AL,3,1,73,0,0,0,2,194,54,25,4,22,65,0.231,3.48,2,4,1,0,260,20,27,1,2,NA,1986,11,10,USA,KS,Topeka,NA,NA,NA,NA,NA,NA,Aaron,Crow,Aaron James,195,75,R,R,3/31/2011,9/28/2014,crowa001,crowaa01,NA,1986-11-10,64.6666666666667,3.75773195876289
Aaron Harang,164,4.602862547,156,4.701261034,180,4.646595208,133.7,4.712194199,haranaa01,2012,1,LAN,NL,10,10,31,31,0,0,0,539,167,72,14,85,131,0.246,3.61,10,4,4,0,786,0,85,9,10,NA,1978,5,9,USA,CA,San Diego,NA,NA,NA,NA,NA,NA,Aaron,Harang,Aaron Michael,260,79,R,R,5/25/2002,9/27/2014,haraa001,haranaa01,NA,1978-05-09,179.666666666667,4.25788497217069
Adam Wainwright,196,3.443947037,83,3.203417402,175,3.771941992,173.3,3.411147541,wainwad01,2012,1,SLN,NL,14,13,32,32,3,2,0,596,196,87,15,52,184,0.259,3.94,3,5,6,2,831,0,96,9,6,NA,1981,8,30,USA,GA,Brunswick,NA,NA,NA,NA,NA,NA,Adam,Wainwright,Adam Parrish,235,79,R,R,9/11/2005,9/22/2014,waina001,wainwad01,NA,1981-08-30,198.666666666667,4.3489932885906
Alex Cobb,103,4.099936948,86,4.176469105,110,4.2092686,122,4.351399748,cobbal01,2012,1,TBA,AL,11,9,23,23,2,1,0,409,130,61,11,40,106,0.254,4.03,2,8,9,1,569,0,67,3,6,NA,1987,10,7,USA,MA,Boston,NA,NA,NA,NA,NA,NA,Alex,Cobb,Alexander Miller,200,75,R,R,5/1/2011,9/28/2014,cobba001,cobbal01,NA,1987-10-07,136.333333333333,4.42298288508557
Alexi Ogando,175,3.826607818,130,3.826607818,185,4.045271122,150,4.067137453,ogandal01,2012,1,TEX,AL,2,0,58,1,0,0,3,198,49,24,9,17,66,0.203,3.27,1,5,2,0,263,11,26,0,3,NA,1983,10,5,D.R.,San Pedro de Macoris,San Pedro de Macoris,NA,NA,NA,NA,NA,NA,Alexi,Ogando,Alexi,200,76,R,R,6/15/2010,6/3/2014,ogana001,ogandal01,NA,1983-10-05,66,3.54545454545455
Alfredo Aceves,155,4.165535939,85,3.706343001,75,4.723127364,79,4.110870113,aceveal01,2012,1,BOS,AL,2,10,69,0,0,0,25,252,80,50,11,31,75,0.254,5.36,2,3,6,1,361,55,51,2,7,NA,1982,12,8,Mexico,Sonora,San Luis Rio Colorado,NA,NA,NA,NA,NA,NA,Alfredo,Aceves,Alfredo,205,74,R,R,8/31/2008,6/2/2014,aceva001,aceveal01,NA,1982-12-08,84,5.46428571428571
Andrew Bailey,54,3.126885246,51,3.279949559,60,3.115952081,53.3,3.323682219,bailean01,2012,1,BOS,AL,1,1,19,0,0,0,6,46,21,12,2,8,14,0.318,7.04,2,0,0,1,74,13,12,0,0,NA,1984,5,31,USA,NJ,Voorhees,NA,NA,NA,NA,NA,NA,Andrew,Bailey,Andrew Scott,240,75,R,R,4/6/2009,7/12/2013,baila001,bailean01,NA,1984-05-31,15.3333333333333,7.04347826086956
Andrew Cashner,56,3.553278689,37,4.121803279,60,4.427931904,64.7,3.957805801,cashnan01,2012,1,SDN,NL,3,4,33,5,0,0,0,139,42,22,5,19,52,0.244,4.27,1,2,1,0,196,5,23,3,1,NA,1986,9,11,USA,TX,Conroe,NA,NA,NA,NA,NA,NA,Andrew,Cashner,Andrew Burton,220,78,R,R,5/31/2010,9/25/2014,casha001,cashnan01,NA,1986-09-11,46.3333333333333,4.46762589928058
Antonio Bastardo,59,3.34554855,57,3.706343001,60,3.607944515,48.3,3.465813367,bastaan01,2012,1,PHI,NL,2,5,65,0,0,0,1,156,40,25,7,26,81,0.207,4.33,3,5,2,0,224,10,26,1,2,NA,1985,9,21,D.R.,Hato Mayor,Hato Mayor del Rey,NA,NA,NA,NA,NA,NA,Antonio,Bastardo,Antonio Francisco,200,71,R,L,6/2/2009,9/27/2014,basta001,bastaan01,NA,1985-09-21,52,4.5
Aroldis Chapman,134,4.121803279,51,3.761008827,60,3.771941992,76.7,4.231134931,chapmar01,2012,1,CIN,NL,5,5,68,0,0,0,38,215,35,12,4,23,122,0.141,1.51,0,4,4,0,276,52,13,0,1,NA,1988,2,28,Cuba,Holguin,Holguin,NA,NA,NA,NA,NA,NA,Aroldis,Chapman,Albertin Aroldis,205,76,L,L,8/31/2010,9/28/2014,chapa001,chapmar01,NA,1988-02-28,71.6666666666667,1.63255813953488
Barry Zito,135,5.138587642,103,4.537263556,155,4.887124842,124,4.679394704,zitoba01,2012,1,SFN,NL,15,8,32,32,1,1,0,553,186,85,20,70,114,0.263,4.15,6,1,5,0,799,0,91,12,4,NA,1978,5,13,USA,NV,Las Vegas,NA,NA,NA,NA,NA,NA,Barry,Zito,Barry William,205,74,L,L,7/22/2000,9/29/2013,zitob001,zitoba01,NA,1978-05-13,184.333333333333,4.44303797468354
Bartolo Colon,129,4.810592686,139,4.668461538,150,4.001538462,112.7,4.624728878,colonba01,2012,1,OAK,AL,10,9,24,24,0,0,0,457,161,58,17,23,91,0.266,3.43,3,0,1,0,636,0,62,3,4,NA,1973,5,24,D.R.,Puerto Plata,Altamira,NA,NA,NA,NA,NA,NA,Bartolo,Colon,Bartolo,285,71,R,R,4/4/1997,9/28/2014,colob001,colonba01,NA,1973-05-24,152.333333333333,3.66301969365427
Bill Bray,56,3.422080706,52,3.881273644,60,4.263934426,41.7,3.782875158,braybi01,2012,1,CIN,NL,0,0,14,0,0,0,0,26,6,5,2,14,7,0.222,5.19,0,0,0,0,43,2,5,0,2,NA,1983,6,5,USA,VA,Virginia Beach,NA,NA,NA,NA,NA,NA,Bill,Bray,William Paul,215,75,L,L,6/3/2006,7/30/2012,brayb001,braybi01,NA,1983-06-05,8.66666666666667,5.19230769230769
Blake Beavan,150,4.865258512,109,4.373266078,145,4.821525851,176.7,5.236986129,beavabl01,2012,1,SEA,AL,11,11,26,26,0,0,0,457,168,75,23,24,67,0.281,4.43,0,3,10,0,638,0,76,1,5,NA,1989,1,17,USA,TX,Irving,NA,NA,NA,NA,NA,NA,Blake,Beavan,Blake William,245,79,R,R,7/3/2011,4/15/2014,beavb001,beavabl01,NA,1989-01-17,152.333333333333,4.49015317286652
Bobby Parnell,59,3.607944515,59,4.416998739,60,3.93593947,72,4.099936948,parnebo01,2012,1,NYN,NL,5,4,74,0,0,0,7,206,65,19,4,20,61,0.249,2.49,2,1,1,0,288,23,24,4,2,NA,1984,9,8,USA,NC,Salisbury,NA,NA,NA,NA,NA,NA,Bobby,Parnell,Robert Allen,205,75,R,R,9/15/2008,3/31/2014,parnb001,parnebo01,NA,1984-09-08,68.6666666666667,3.14563106796116
Brandon Beachy,170,3.706343001,132,3.990605296,175,3.542345523,152,3.629810845,beachbr01,2012,1,ATL,NL,5,5,13,13,1,1,0,243,49,18,6,29,68,0.171,2,1,4,1,0,319,0,24,1,2,NA,1986,9,3,USA,IN,Kokomo,NA,NA,NA,NA,NA,NA,Brandon,Beachy,Brandon Alan,215,75,R,R,9/20/2010,8/20/2013,beacb001,beachbr01,NA,1986-09-03,81,2.66666666666667
Brandon McCarthy,175,3.903139975,145,3.93593947,175,3.706343001,130,4.165535939,mccarbr01,2012,1,OAK,AL,8,6,18,18,0,0,0,333,115,40,10,24,73,0.267,3.24,2,0,6,0,469,0,44,5,4,NA,1983,7,7,USA,CA,Glendale,NA,NA,NA,NA,NA,NA,Brandon,McCarthy,Brandon Patrick,200,79,R,R,5/22/2005,9/23/2014,mccab001,mccarbr01,NA,1983-07-07,111,3.56756756756757
Brandon Morrow,184,4.253001261,161,4.613795712,185,4.416998739,166,4.504464061,morrobr01,2012,1,TOR,AL,10,7,21,21,3,3,0,374,98,41,12,41,108,0.214,2.96,0,3,2,0,504,0,45,1,3,NA,1984,7,26,USA,CA,Santa Rosa,NA,NA,NA,NA,NA,NA,Brandon,Morrow,Brandon John,210,75,R,R,4/3/2007,9/25/2014,morrb001,morrobr01,NA,1984-07-26,124.666666666667,3.24866310160428
Brett Anderson,91,4.395132409,113,4.001538462,80,4.056204288,100,4.132736444,anderbr04,2012,1,OAK,AL,4,2,6,6,0,0,0,105,29,10,1,7,25,0.225,2.57,1,1,1,0,137,0,11,0,0,NA,1988,2,1,USA,TX,Midland,NA,NA,NA,NA,NA,NA,Brett,Anderson,Brett Franklin,225,76,L,L,4/10/2009,8/5/2014,andeb004,anderbr04,NA,1988-02-01,35,2.82857142857143
Brett Cecil,154,4.788726356,139,4.712194199,160,4.985523329,174.7,5.466582598,cecilbr01,2012,1,TOR,AL,2,4,21,9,0,0,0,184,70,39,11,23,51,0.294,5.72,0,0,3,0,270,2,40,3,3,NA,1986,7,2,USA,MD,Dunkirk,NA,NA,NA,NA,NA,NA,Brett,Cecil,Brett Aarion,220,75,R,L,5/5/2009,9/28/2014,cecib001,cecilbr01,NA,1986-07-02,61.3333333333333,5.8695652173913
Brian Matusz,120,5.02925599,102,5.499382093,145,5.772711223,136.3,5.84924338,matusbr01,2012,1,BAL,AL,6,10,34,16,0,0,0,294,112,53,15,41,81,0.284,4.87,4,0,0,0,441,2,61,2,3,NA,1987,2,11,USA,CO,Grand Junction,NA,NA,NA,NA,NA,NA,Brian,Matusz,Brian Robert,200,76,L,L,8/4/2009,9/25/2014,matub001,matusbr01,NA,1987-02-11,98,5.60204081632653
Brian Wilson,68,3.07221942,60,3.607944515,60,3.443947037,62.7,3.301815889,wilsobr01,2012,1,SFN,NL,0,0,2,0,0,0,1,6,4,2,0,2,2,0.4,9,0,1,0,0,12,2,2,0,0,NA,1982,3,16,USA,NH,Londonderry,NA,NA,NA,NA,NA,NA,Brian,Wilson,Brian Patrick,205,73,R,R,4/23/2006,9/27/2014,wilsb001,wilsobr01,NA,1982-03-16,2,9
Bronson Arroyo,187,5.040189155,181,4.73406053,200,4.624728878,169.3,5.291651955,arroybr01,2012,1,CIN,NL,12,10,32,32,1,1,0,606,209,84,26,35,129,0.267,3.74,1,3,5,0,835,0,86,7,6,NA,1977,2,24,USA,FL,Key West,NA,NA,NA,NA,NA,NA,Bronson,Arroyo,Bronson Anthony,195,75,R,R,6/12/2000,6/15/2014,arrob001,arroybr01,NA,1977-02-24,202,3.83168316831683
Bruce Chen,149,4.876191677,145,4.613795712,145,4.821525851,131,4.952723834,chenbr01,2012,1,KCA,AL,11,14,34,34,0,0,0,575,215,108,33,47,140,0.281,5.07,3,5,8,0,827,0,114,3,5,NA,1977,6,19,Panama,Panama,Panama,NA,NA,NA,NA,NA,NA,Bruce,Chen,Bruce Kastulo,215,74,L,L,9/7/1998,8/28/2014,chenb001,chenbr01,NA,1977-06-19,191.666666666667,5.35304347826087
Bud Norris,185,4.384199243,168,4.48259773,200,4.384199243,181,4.296733922,norribu01,2012,1,HOU,NL,7,13,29,29,0,0,0,505,165,87,23,66,165,0.254,4.65,2,8,8,0,733,0,90,7,2,NA,1985,3,2,USA,CA,Greenbrae,NA,NA,NA,NA,NA,NA,Bud,Norris,David Stefan,220,72,R,R,7/29/2009,9/24/2014,norrb001,norribu01,NA,1985-03-02,168.333333333333,4.81188118811881
Carl Pavano,210,4.75592686,193,4.690327869,205,4.799659521,177,4.952723834,pavanca01,2012,1,MIN,AL,2,5,11,11,0,0,0,189,80,42,9,8,33,0.313,6,2,0,2,0,268,0,46,1,1,NA,1976,1,8,USA,CT,New Britain,NA,NA,NA,NA,NA,NA,Carl,Pavano,Carl Anthony,265,77,R,R,5/23/1998,6/1/2012,pavac001,pavanca01,NA,1976-01-08,63,6.57142857142857
Carlos Marmol,74,3.684476671,70,3.651677175,70,3.651677175,73.3,3.487679697,marmoca01,2012,1,CHN,NL,3,3,61,0,0,0,20,166,40,21,4,45,72,0.2,3.42,0,2,2,0,247,47,24,0,0,NA,1982,10,14,D.R.,Monsenor Nouel,Bonao,NA,NA,NA,NA,NA,NA,Carlos,Marmol,Carlos Agustin,235,73,R,R,6/4/2006,5/10/2014,marmc001,marmoca01,NA,1982-10-14,55.3333333333333,3.90361445783132
Carlos Villanueva,106,4.537263556,90,4.537263556,60,4.919924338,89,4.974590164,villaca01,2012,1,TOR,AL,7,7,38,16,0,0,0,376,113,58,23,46,122,0.242,4.16,4,6,3,1,521,9,59,2,4,NA,1983,11,28,D.R.,Santiago,Santiago,NA,NA,NA,NA,NA,NA,Carlos,Villanueva,Carlos Manuel,215,74,R,R,5/23/2006,9/22/2014,villc001,villaca01,NA,1983-11-28,125.333333333333,4.23670212765957
Carlos Zambrano,165,4.48259773,139,4.4607314,175,4.493530895,137,4.591929382,zambrca01,2012,1,MIA,NL,7,10,35,20,1,1,0,397,123,66,9,75,95,0.251,4.49,1,1,10,0,591,5,75,7,8,NA,1981,6,1,Venezuela,Carabobo,Puerto Cabello,NA,NA,NA,NA,NA,NA,Carlos,Zambrano,Carlos Alberto,275,76,B,R,8/20/2001,9/21/2012,zambc001,zambrca01,NA,1981-06-01,132.333333333333,5.1007556675063
Casey Janssen,56,3.301815889,60,4.176469105,60,3.607944515,62,3.804741488,janssca01,2012,1,TOR,AL,1,1,62,0,0,0,22,191,44,18,7,11,67,0.195,2.54,1,2,3,1,242,47,18,1,1,NA,1981,9,17,USA,CA,Orange,NA,NA,NA,NA,NA,NA,Casey,Janssen,Robert Casey,205,76,R,R,4/27/2006,9/28/2014,jansc001,janssca01,NA,1981-09-17,63.6666666666667,2.54450261780105
Chad Billingsley,200,4.165535939,173,4.121803279,195,4.438865069,190,4.089003783,billich01,2012,1,LAN,NL,10,9,25,25,0,0,0,449,148,59,11,45,128,0.257,3.55,2,5,5,0,634,0,66,6,3,NA,1984,7,29,USA,OH,Defiance,NA,NA,NA,NA,NA,NA,Chad,Billingsley,Chad Ryan,240,73,R,R,6/15/2006,4/15/2013,billc001,billich01,NA,1984-07-29,149.666666666667,3.96881959910913
Charlie Furbush,109,4.73406053,83,5.094854981,120,4.843392182,123.7,5.89297604,furbuch01,2012,1,SEA,AL,5,2,48,0,0,0,0,139,28,14,3,16,53,0.174,2.72,4,5,2,0,182,8,15,2,1,NA,1986,4,11,USA,ME,South Portland,NA,NA,NA,NA,NA,NA,Charlie,Furbush,Charles Roderick,215,77,L,L,5/23/2011,9/27/2014,furbc001,furbuch01,NA,1986-04-11,46.3333333333333,2.9136690647482
Charlie Morton,164,4.570063052,154,4.952723834,175,4.832459016,163,4.471664565,mortoch02,2012,1,PIT,NL,2,6,9,9,0,0,0,151,62,26,5,11,25,0.305,4.65,1,4,2,0,223,0,30,5,2,NA,1983,11,12,USA,NJ,Flemington,NA,NA,NA,NA,NA,NA,Charlie,Morton,Charles Alfred,235,77,R,R,6/14/2008,9/16/2014,mortc002,mortoch02,NA,1983-11-12,50.3333333333333,5.36423841059603
Chien-Ming Wang,127,4.690327869,89,4.75592686,140,4.919924338,75,5.116721311,wangch01,2012,1,WAS,NL,2,3,10,5,0,0,0,97,50,24,5,15,15,0.376,6.68,0,5,3,0,158,0,24,4,3,NA,1980,3,31,Taiwan,NA,Tainan City,NA,NA,NA,NA,NA,NA,Chien-Ming,Wang,Chien-Ming,225,76,R,R,4/30/2005,8/24/2013,wangc001,wangch01,NA,1980-03-31,32.3333333333333,6.68041237113402
Chris Capuano,159,4.449798235,151,4.75592686,175,4.274867591,137.3,4.657528373,capuach01,2012,1,LAN,NL,12,12,33,33,0,0,0,595,188,82,25,54,162,0.254,3.72,4,6,2,0,817,0,91,16,4,NA,1978,8,19,USA,MA,Springfield,NA,NA,NA,NA,NA,NA,Chris,Capuano,Christopher Frank,215,75,L,L,5/4/2003,9/26/2014,capuc001,capuach01,NA,1978-08-19,198.333333333333,4.12941176470588
Chris Narveson,167,4.810592686,150,4.690327869,155,4.75592686,141.7,4.723127364,narvech01,2012,1,MIL,NL,1,1,2,2,0,0,0,27,10,7,2,4,5,0.294,7,0,0,0,0,41,0,8,1,2,NA,1981,12,20,USA,CO,Englewood,NA,NA,NA,NA,NA,NA,Chris,Narveson,Christopher Gregg,205,75,L,L,9/8/2006,4/6/2013,narvc001,narvech01,NA,1981-12-20,9,8
Chris Perez,60,3.990605296,61,3.793808323,60,4.591929382,61.7,4.143669609,perezch01,2012,1,CLE,AL,0,4,61,0,0,0,39,173,49,23,6,16,59,0.222,3.59,1,0,2,0,242,53,25,0,3,NA,1985,7,1,USA,FL,Bradenton,NA,NA,NA,NA,NA,NA,Chris,Perez,Christopher Ralph,230,76,R,R,5/16/2008,9/21/2014,perec002,perezch01,NA,1985-07-01,57.6666666666667,3.90173410404624
Chris Resop,86,3.990605296,62,4.526330391,60,3.93593947,52,4.165535939,resopch01,2012,1,PIT,NL,1,4,61,0,0,0,1,221,81,32,6,24,46,0.276,3.91,6,2,2,0,330,13,35,5,6,NA,1982,11,4,USA,FL,Naples,NA,NA,NA,NA,NA,NA,Chris,Resop,Christopher Paul,225,75,R,R,6/28/2005,5/14/2013,resoc001,resopch01,NA,1982-11-04,73.6666666666667,4.27601809954751
Chris Sale,164,3.837540984,63,3.597011349,150,3.673543506,152.7,4.318600252,salech01,2012,1,CHA,AL,17,8,30,29,1,0,0,576,167,65,19,51,192,0.235,3.05,5,6,6,0,772,0,66,1,3,NA,1989,3,30,USA,FL,Lakeland,NA,NA,NA,NA,NA,NA,Chris,Sale,Christopher,180,78,L,L,8/6/2010,9/24/2014,salec001,salech01,NA,1989-03-30,192,3.09375
Chris Volstad,171,4.712194199,160,4.799659521,170,4.690327869,168,5.269785624,volstch01,2012,1,CHN,NL,3,12,21,21,0,0,0,334,137,78,16,43,61,0.306,6.31,4,2,3,1,507,0,81,5,8,NA,1986,9,23,USA,FL,Palm Beach Gardens,NA,NA,NA,NA,NA,NA,Chris,Volstad,Christopher Kenneth,230,80,R,R,7/6/2008,6/15/2013,volsc001,volstch01,NA,1986-09-23,111.333333333333,6.54790419161677
Clay Buchholz,171,3.968738966,119,3.761008827,160,4.056204288,116.7,3.968738966,buchhcl01,2012,1,BOS,AL,11,8,29,29,2,1,0,568,187,96,25,64,129,0.263,4.56,2,2,12,2,802,0,104,5,9,NA,1984,8,14,USA,TX,Nederland,NA,NA,NA,NA,NA,NA,Clay,Buchholz,Clay Daniel,190,75,L,R,8/17/2007,9/28/2014,buchc001,buchhcl01,NA,1984-08-14,189.333333333333,4.94366197183099
Clayton Kershaw,220,2.973820933,197,2.897288777,215,2.514627995,226.3,2.77702396,kershcl01,2012,1,LAN,NL,14,9,33,33,2,2,0,683,170,64,16,63,229,0.21,2.53,5,6,5,2,901,0,70,18,4,NA,1988,3,19,USA,TX,Dallas,NA,NA,NA,NA,NA,NA,Clayton,Kershaw,Clayton Edward,225,75,L,L,5/25/2008,9/24/2014,kersc001,kershcl01,NA,1988-03-19,227.666666666667,2.76720351390922
Clayton Richard,156,4.242068096,127,4.296733922,120,4.591929382,138.3,4.48259773,richacl01,2012,1,SDN,NL,14,14,33,33,1,1,0,656,228,97,31,42,107,0.267,3.99,4,4,6,2,910,0,110,3,6,NA,1983,9,12,USA,IN,Lafayette,NA,NA,NA,NA,NA,NA,Clayton,Richard,Clayton Colby,245,77,L,L,7/23/2008,6/21/2013,richc002,richacl01,NA,1983-09-12,218.666666666667,4.52743902439024
Cliff Lee,236,3.214350567,198,3.258083228,220,2.82075662,210,3.09408575,leecl02,2012,1,PHI,NL,6,9,30,30,0,0,0,633,207,74,26,28,207,0.255,3.16,0,4,0,0,847,0,79,3,4,NA,1978,8,30,USA,AR,Benton,NA,NA,NA,NA,NA,NA,Cliff,Lee,Clifton Phifer,205,75,L,L,9/15/2002,7/31/2014,lee-c003,leecl02,NA,1978-08-30,211,3.3696682464455
Colby Lewis,205,4.48259773,180,4.427931904,200,4.48259773,183.7,4.559129887,lewisco01,2012,1,TEX,AL,6,6,16,16,2,0,0,315,99,40,16,14,93,0.245,3.43,0,2,6,0,427,0,48,1,2,NA,1979,8,2,USA,CA,Bakersfield,NA,NA,NA,NA,NA,NA,Colby,Lewis,Colby Preston,240,76,R,R,4/1/2002,9/25/2014,lewic001,lewisco01,NA,1979-08-02,105,4.11428571428571
Cole Hamels,218,3.454880202,188,3.531412358,200,3.443947037,199,3.607944515,hamelco01,2012,1,PHI,NL,17,6,31,31,2,2,0,646,190,73,24,52,216,0.237,3.05,3,3,3,2,867,0,80,6,4,NA,1983,12,27,USA,CA,San Diego,NA,NA,NA,NA,NA,NA,Cole,Hamels,Colbert Michael,195,75,L,L,5/12/2006,9/28/2014,hamec001,hamelco01,NA,1983-12-27,215.333333333333,3.34365325077399
Cory Luebke,164,3.804741488,110,3.717276166,160,3.378348045,143,3.925006305,luebkco01,2012,1,SDN,NL,3,1,5,5,0,0,0,93,28,9,1,8,23,0.233,2.61,0,0,0,0,130,0,10,2,0,NA,1985,3,4,USA,OH,Maria Stein,NA,NA,NA,NA,NA,NA,Cory,Luebke,Cory Robert,205,76,R,L,9/3/2010,4/27/2012,luebc001,luebkco01,NA,1985-03-04,31,2.90322580645161
Craig Kimbrel,69,2.667692308,66,3.061286255,70,1.825838588,73.3,2.416229508,kimbrcr01,2012,1,ATL,NL,3,1,63,0,0,0,42,188,27,7,3,14,116,0.126,1.01,0,5,2,0,231,56,7,0,0,NA,1988,5,28,USA,AL,Huntsville,NA,NA,NA,NA,NA,NA,Craig,Kimbrel,Craig Michael,220,71,R,R,5/7/2010,9/28/2014,kimbc001,kimbrcr01,NA,1988-05-28,62.6666666666667,1.00531914893617
Daisuke Matsuzaka,84,4.788726356,93,4.865258512,80,5.783644388,80.3,4.77779319,matsuda01,2012,1,BOS,AL,1,7,11,11,0,0,0,137,58,42,11,20,41,0.307,8.28,0,3,3,0,215,0,43,0,3,NA,1980,9,13,Japan,NA,Tokyo,NA,NA,NA,NA,NA,NA,Daisuke,Matsuzaka,Daisuke,205,72,R,R,4/5/2007,9/25/2014,matsd001,matsuda01,NA,1980-09-13,45.6666666666667,8.47445255474453
Daniel Bard,169,3.859407314,69,3.422080706,155,3.750075662,71.3,3.312749054,bardda01,2012,1,BOS,AL,5,6,17,10,0,0,0,178,60,41,9,43,38,0.271,6.22,1,1,8,2,277,2,42,2,3,NA,1985,6,25,USA,TX,Houston,NA,NA,NA,NA,NA,NA,Daniel,Bard,Daniel Paul,215,76,R,R,5/13/2009,4/27/2013,bardd001,bardda01,NA,1985-06-25,59.3333333333333,6.37078651685393
Daniel Hudson,216,3.761008827,179,3.629810845,205,3.793808323,192,3.739142497,hudsoda01,2012,1,ARI,NL,3,2,9,9,0,0,0,136,62,37,9,12,37,0.332,7.35,0,2,0,0,202,0,37,2,1,NA,1987,3,9,USA,VA,Lynchburg,NA,NA,NA,NA,NA,NA,Daniel,Hudson,Daniel Claiborne,225,75,R,R,9/4/2009,9/13/2014,hudsd001,hudsoda01,NA,1987-03-09,45.3333333333333,7.34558823529412
Daniel Schlereth,49,4.351399748,51,4.438865069,50,5.116721311,57,4.657528373,schleda01,2012,1,DET,AL,0,0,6,0,0,0,0,21,14,8,3,5,6,0.412,10.29,2,1,0,0,39,2,10,0,0,NA,1986,5,9,USA,AK,Anchorage,NA,NA,NA,NA,NA,NA,Daniel,Schlereth,Daniel Robert,210,72,L,L,5/29/2009,4/21/2012,schld001,schleda01,NA,1986-05-09,7,12.8571428571429
Danny Duffy,141,4.559129887,113,5.138587642,90,5.138587642,113.3,5.379117276,duffyda01,2012,1,KCA,AL,2,2,6,6,0,0,0,83,26,12,2,18,28,0.252,3.9,1,0,0,1,121,0,13,0,0,NA,1988,12,21,USA,CA,Goleta,NA,NA,NA,NA,NA,NA,Danny,Duffy,Daniel Richard,205,75,L,L,5/18/2011,9/27/2014,duffd001,duffyda01,NA,1988-12-21,27.6666666666667,4.2289156626506
David Price,220,3.509546028,193,3.673543506,205,3.411147541,200,3.793808323,priceda01,2012,1,TBA,AL,20,5,31,31,2,1,0,633,173,60,16,59,205,0.226,2.56,2,8,5,1,836,0,63,2,3,NA,1985,8,26,USA,TN,Murfreesboro,NA,NA,NA,NA,NA,NA,David,Price,David Taylor,210,78,L,L,9/14/2008,9/28/2014,pricd001,priceda01,NA,1985-08-26,211,2.68720379146919
David Robertson,69,2.886355612,64,3.607944515,60,2.787957125,64.7,3.34554855,roberda08,2012,1,NYA,AL,2,7,65,0,0,0,2,182,52,18,5,19,81,0.229,2.67,0,1,1,1,248,17,19,0,1,NA,1985,4,9,USA,AL,Birmingham,NA,NA,NA,NA,NA,NA,David,Robertson,David Alan,195,71,R,R,6/29/2008,9/26/2014,robed002,roberda08,NA,1985-04-09,60.6666666666667,2.81868131868132
Derek Holland,206,3.968738966,160,4.580996217,200,4.580996217,173,4.548196721,hollade01,2012,1,TEX,AL,12,7,29,27,0,0,0,526,162,91,32,52,145,0.243,4.67,0,1,3,0,730,1,100,5,4,NA,1986,10,9,USA,OH,Newark,NA,NA,NA,NA,NA,NA,Derek,Holland,Derek Lane,210,74,B,L,4/22/2009,9/28/2014,holld003,hollade01,NA,1986-10-09,175.333333333333,5.13307984790875
Dillon Gee,161,4.679394704,140,4.318600252,160,4.73406053,159,5.138587642,geedi01,2012,1,NYN,NL,6,7,17,17,0,0,0,329,108,50,12,29,97,0.255,4.1,0,0,6,1,463,0,56,2,3,NA,1986,4,28,USA,TX,Cleburne,NA,NA,NA,NA,NA,NA,Dillon,Gee,Dillon Kyle,205,73,R,R,9/7/2010,9/25/2014,gee-d001,geedi01,NA,1986-04-28,109.666666666667,4.59574468085106
Doug Fister,209,3.946872636,184,3.771941992,200,3.695409836,183.3,4.351399748,fistedo01,2012,1,DET,AL,10,10,26,26,2,1,0,485,156,62,15,37,137,0.249,3.45,1,1,7,0,673,0,73,3,0,NA,1984,2,4,USA,CA,Merced,NA,NA,NA,NA,NA,NA,Doug,Fister,Douglas Wildes,210,80,L,R,8/8/2009,9/26/2014,fistd001,fistedo01,NA,1984-02-04,161.666666666667,4.0639175257732
Drew Storen,67,3.148751576,68,3.61887768,60,3.115952081,71.7,3.433013871,storedr01,2012,1,WAS,NL,3,1,37,0,0,0,4,91,22,8,0,8,24,0.21,2.37,0,1,1,0,116,17,8,0,2,NA,1987,8,11,USA,IN,Indianapolis,NA,NA,NA,NA,NA,NA,Drew,Storen,Drew Patrick,195,73,B,R,5/17/2010,9/27/2014,stord001,storedr01,NA,1987-08-11,30.3333333333333,2.37362637362637
Edinson Volquez,131,4.537263556,121,4.996456494,140,4.77779319,124.3,4.351399748,volqued01,2012,1,SDN,NL,11,11,32,32,1,1,0,548,160,84,14,105,174,0.236,4.14,6,9,9,1,802,0,88,5,4,NA,1983,7,3,D.R.,Distrito Nacional,Santo Domingo,NA,NA,NA,NA,NA,NA,Edinson,Volquez,Edinson,220,72,R,R,8/30/2005,9/25/2014,volqe001,volqued01,NA,1983-07-03,182.666666666667,4.33576642335766
Edwin Jackson,211,4.176469105,180,4.318600252,190,4.143669609,199.7,4.143669609,jacksed01,2012,1,WAS,NL,10,11,31,31,1,0,0,569,173,85,23,58,168,0.243,4.03,5,3,2,0,790,0,90,9,8,NA,1983,9,9,Germany,NA,Neu-Ulm,NA,NA,NA,NA,NA,NA,Edwin,Jackson,Edwin,210,75,R,R,9/9/2003,9/27/2014,jacke001,jacksed01,NA,1983-09-09,189.666666666667,4.27065026362039
Eric O'Flaherty,62,2.941021438,66,3.126885246,60,3.115952081,61.3,3.203417402,oflaher01,2012,1,ATL,NL,3,0,64,0,0,0,0,172,47,11,3,19,46,0.229,1.73,2,1,2,0,230,7,14,3,1,NA,1985,2,5,USA,WA,Walla Walla,NA,NA,NA,NA,NA,NA,Eric,O'Flaherty,Eric George,220,74,L,L,8/16/2006,9/20/2014,oflae001,oflaher01,NA,1985-02-05,57.3333333333333,2.19767441860465
Erik Bedard,130,3.859407314,125,4.132736444,120,3.859407314,77.3,4.067137453,bedarer01,2012,1,PIT,NL,7,14,24,24,0,0,0,377,129,70,14,56,118,0.263,5.01,2,1,3,1,557,0,76,5,2,NA,1979,3,5,CAN,ON,Navan,NA,NA,NA,NA,NA,NA,Erik,Bedard,Erik Joseph,200,73,L,L,4/17/2002,7/12/2014,bedae001,bedarer01,NA,1979-03-05,125.666666666667,5.44297082228117
Ervin Santana,214,4.078070618,196,4.263934426,200,4.089003783,195.7,4.580996217,santaer01,2012,1,LAA,AL,9,13,30,30,1,1,0,534,165,102,39,61,133,0.239,5.16,2,4,9,0,764,0,109,2,2,NA,1982,12,12,D.R.,La Romana,La Romana,NA,NA,NA,NA,NA,NA,Ervin,Santana,Ervin Ramon,185,74,R,R,5/17/2005,9/26/2014,sante001,santaer01,NA,1982-12-12,178,5.51123595505618
Evan Meek,63,3.36741488,43,3.66261034,60,4.263934426,49.3,3.990605296,meekev01,2012,1,PIT,NL,0,0,12,0,0,0,0,36,14,9,1,6,8,0.286,6.75,0,1,1,0,57,5,9,1,0,NA,1983,5,12,USA,WA,Bellevue,NA,NA,NA,NA,NA,NA,Evan,Meek,Evan David,225,72,R,R,4/2/2008,9/25/2014,meeke001,meekev01,NA,1983-05-12,12,6.75
Felipe Paulino,168,4.176469105,124,5.116721311,160,4.73406053,121,5.127654477,paulife01,2012,1,KCA,AL,3,1,7,7,0,0,0,113,31,7,3,15,39,0.223,1.67,0,1,0,0,156,0,8,1,1,NA,1983,10,5,D.R.,Distrito Nacional,Santo Domingo,NA,NA,NA,NA,NA,NA,Felipe,Paulino,Felipe Adolfo,270,75,R,R,9/5/2007,4/18/2014,paulf001,paulife01,NA,1983-10-05,37.6666666666667,1.91150442477876
Felix Hernandez,235,3.137818411,202,3.389281211,220,2.908221942,237.3,3.279949559,hernafe02,2012,1,SEA,AL,13,9,33,33,5,5,0,696,209,79,14,56,223,0.241,3.06,0,13,12,2,939,0,84,2,2,NA,1986,4,8,Venezuela,Carabobo,Valencia,NA,NA,NA,NA,NA,NA,Felix,Hernandez,Felix Abraham,225,75,R,R,8/4/2005,9/28/2014,hernf002,hernafe02,NA,1986-04-08,232,3.25862068965517
Fernando Salas,64,3.312749054,66,3.498612863,60,3.607944515,61.7,3.509546028,salasfe01,2012,1,SLN,NL,1,4,65,0,0,0,0,176,56,28,5,27,60,0.251,4.3,5,4,1,0,256,23,28,5,0,NA,1985,5,30,Mexico,Sonora,Huatabampo,NA,NA,NA,NA,NA,NA,Fernando,Salas,Noel Fernando,210,74,R,R,5/28/2010,9/27/2014,salaf001,salasfe01,NA,1985-05-30,58.6666666666667,4.29545454545455
Frank Francisco,54,3.695409836,56,4.220201765,55,3.575145019,49.3,3.389281211,francfr01,2012,1,NYN,NL,1,3,48,0,0,0,23,127,47,26,5,21,47,0.269,5.53,1,2,0,1,197,38,27,0,1,NA,1979,9,11,D.R.,Distrito Nacional,Santo Domingo,NA,NA,NA,NA,NA,NA,Frank,Francisco,Franklin,250,74,R,R,5/14/2004,5/20/2014,franf001,francfr01,NA,1979-09-11,42.3333333333333,5.74015748031496
Freddy Garcia,138,4.854325347,148,4.690327869,100,4.624728878,128,5.30258512,garcifr02,2012,1,NYA,AL,7,6,30,17,0,0,0,322,112,62,18,35,89,0.27,5.2,2,10,3,1,461,10,64,4,4,NA,1976,10,6,Venezuela,Distrito Federal,Caracas,NA,NA,NA,NA,NA,NA,Freddy,Garcia,Freddy Antonio,250,76,R,R,4/7/1999,9/24/2013,garcf002,garcifr03,NA,1976-10-06,107.333333333333,5.36645962732919
Gavin Floyd,200,4.395132409,175,4.362332913,200,4.48259773,185.3,4.4607314,floydga01,2012,1,CHA,AL,12,11,29,29,0,0,0,504,166,80,22,63,144,0.259,4.29,2,8,14,0,724,0,84,3,3,NA,1983,1,27,USA,MD,Annapolis,NA,NA,NA,NA,NA,NA,Gavin,Floyd,Gavin Christopher,235,76,R,R,9/3/2004,6/19/2014,floyg001,floydga01,NA,1983-01-27,168,4.5
Gio Gonzalez,207,3.782875158,180,3.93593947,200,3.93593947,195.3,3.881273644,gonzagi01,2012,1,WAS,NL,21,8,32,32,2,1,0,598,149,64,9,76,207,0.206,2.89,3,10,5,1,822,0,69,9,7,NA,1985,9,19,USA,FL,Hialeah,NA,NA,NA,NA,NA,NA,Gio,Gonzalez,Giovany Aramis,205,72,R,L,8/6/2008,9/25/2014,gonzg003,gonzagi01,NA,1985-09-19,199.333333333333,3.11538461538462
Glen Perkins,65,3.279949559,61,4.351399748,60,3.771941992,64,4.4607314,perkigl01,2012,1,MIN,AL,3,1,70,0,0,0,16,211,57,20,8,16,78,0.222,2.56,3,3,3,0,281,43,25,3,2,NA,1983,3,2,USA,MN,St. Paul,NA,NA,NA,NA,NA,NA,Glen,Perkins,Glen Weston,205,72,L,L,9/21/2006,9/16/2014,perkg001,perkigl01,NA,1983-03-02,70.3333333333333,3.19905213270142
Greg Holland,64,3.105018916,57,3.793808323,60,2.951954603,70,4.078070618,hollagr01,2012,1,KCA,AL,7,4,67,0,0,0,16,201,58,22,2,34,91,0.234,2.96,7,3,0,1,289,36,22,4,3,NA,1985,11,20,USA,NC,Marion,NA,NA,NA,NA,NA,NA,Greg,Holland,Gregory Scott,205,70,R,R,8/2/2010,9/26/2014,hollg001,hollagr01,NA,1985-11-20,67,2.95522388059702
Heath Bell,65,3.148751576,63,3.509546028,60,3.279949559,59.7,3.301815889,bellhe01,2012,1,MIA,NL,4,5,73,0,0,0,19,191,70,36,5,29,59,0.281,5.09,3,2,2,0,286,41,38,2,4,NA,1977,9,29,USA,CA,Oceanside,NA,NA,NA,NA,NA,NA,Heath,Bell,Heath Justin,250,75,R,R,8/24/2004,5/3/2014,bellh001,bellhe01,NA,1977-09-29,63.6666666666667,5.3717277486911
Hector Noesi,152,4.526330391,55,4.646595208,120,5.171387137,106.7,4.985523329,noesihe01,2012,1,SEA,AL,2,12,22,18,0,0,0,320,107,69,21,39,68,0.266,5.82,1,1,2,2,453,4,71,3,7,NA,1987,1,26,D.R.,Valverde,Esperanza,NA,NA,NA,NA,NA,NA,Hector,Noesi,Hector,205,75,R,R,5/18/2011,9/26/2014,noesh001,noesihe01,NA,1987-01-26,106.666666666667,5.990625
Henderson Alvarez,161,4.253001261,92,4.067137453,150,3.739142497,155,5.083921816,alvarhe01,2012,1,TOR,AL,9,14,31,31,1,1,0,562,216,101,29,54,79,0.29,4.85,2,3,3,1,807,0,110,2,4,NA,1990,4,18,Venezuela,Carabobo,Valencia,NA,NA,NA,NA,NA,NA,Henderson,Alvarez,Henderson Javier,205,72,R,R,8/10/2011,9/28/2014,alvah001,alvarhe01,NA,1990-04-18,187.333333333333,5.2846975088968
Hiroki Kuroda,184,4.176469105,180,3.93593947,180,4.045271122,156,4.73406053,kurodhi01,2012,1,NYA,AL,16,11,33,33,3,2,0,659,205,81,25,51,167,0.249,3.32,2,13,8,0,891,0,86,7,3,NA,1975,2,10,Japan,Osaka,Osaka,NA,NA,NA,NA,NA,NA,Hiroki,Kuroda,Hiroki,205,73,R,R,4/4/2008,9/25/2014,kuroh001,kurodhi01,NA,1975-02-10,219.666666666667,3.52352048558422
Homer Bailey,163,4.493530895,137,4.449798235,160,4.427931904,157.7,4.679394704,baileho02,2012,1,CIN,NL,13,10,33,33,2,1,0,624,206,85,26,52,168,0.256,3.68,3,3,8,0,874,0,97,5,5,NA,1986,5,3,USA,TX,La Grange,NA,NA,NA,NA,NA,NA,Homer,Bailey,David Dewitt,230,76,R,R,6/8/2007,8/7/2014,bailh001,baileho02,NA,1986-05-03,208,4.19711538461539
Huston Street,57,3.279949559,59,4.001538462,50,3.34554855,58.3,3.203417402,streehu01,2012,1,SDN,NL,2,1,40,0,0,0,23,117,17,8,2,11,47,0.13,1.85,1,1,0,0,144,36,8,1,1,NA,1983,8,2,USA,TX,Austin,NA,NA,NA,NA,NA,NA,Huston,Street,Huston Lowell,195,72,R,R,4/6/2005,9/24/2014,streh001,streehu01,NA,1983-08-02,39,1.84615384615385
Ian Kennedy,215,3.695409836,190,3.651677175,205,3.553278689,163.3,3.739142497,kenneia01,2012,1,ARI,NL,15,12,33,33,1,0,0,625,216,93,28,55,187,0.266,4.02,4,5,14,4,899,0,101,13,5,NA,1984,12,19,USA,CA,Huntington Beach,NA,NA,NA,NA,NA,NA,Ian,Kennedy,Ian Patrick,190,72,R,R,9/1/2007,9/26/2014,kenni001,kenneia01,NA,1984-12-19,208.333333333333,4.3632
Ivan Nova,178,4.471664565,144,4.242068096,185,4.471664565,178.3,4.854325347,novaiv01,2012,1,NYA,AL,12,8,28,28,0,0,0,511,194,95,28,56,153,0.288,5.02,3,6,10,2,748,0,100,3,6,NA,1987,1,12,D.R.,San Cristobal,Palenque,NA,NA,NA,NA,NA,NA,Ivan,Nova,Ivan Manuel,225,76,R,R,5/13/2010,4/19/2014,novai001,novaiv01,NA,1987-01-12,170.333333333333,5.28375733855186
Jaime Garcia,193,3.793808323,174,3.815674653,195,3.476746532,183.7,3.91407314,garcija02,2012,1,SLN,NL,7,7,20,20,0,0,0,365,136,53,7,30,98,0.289,3.92,1,12,0,1,515,0,58,8,7,NA,1986,7,8,Mexico,Tamaulipas,Reynosa,NA,NA,NA,NA,NA,NA,Jaime,Garcia,Jaime Omar,215,74,L,L,7/11/2008,6/20/2014,garcj004,garcija02,NA,1986-07-08,121.666666666667,4.29041095890411
Jair Jurrjens,158,4.078070618,148,3.728209332,175,3.826607818,156,4.165535939,jurrjja01,2012,1,ATL,NL,3,4,11,10,0,0,0,145,72,37,8,18,19,0.35,6.89,0,1,1,0,227,1,40,2,0,NA,1986,1,29,Curacao,NA,Santa Maria,NA,NA,NA,NA,NA,NA,Jair,Jurrjens,Jair Francoise,200,73,R,R,8/15/2007,7/9/2014,jurrj001,jurrjja01,NA,1986-01-29,48.3333333333333,7.44827586206897
Jake Arrieta,152,4.919924338,130,4.887124842,160,5.040189155,131.7,5.608713745,arrieja01,2012,1,BAL,AL,3,9,24,18,0,0,0,344,122,79,16,35,109,0.272,6.2,3,4,5,0,496,1,82,3,4,NA,1986,3,6,USA,MO,Farmington,NA,NA,NA,NA,NA,NA,Jake,Arrieta,Jacob Joseph,225,76,R,R,6/10/2010,9/24/2014,arrij001,arrieja01,NA,1986-03-06,114.666666666667,6.43604651162791
Jake Peavy,142,4.449798235,126,4.526330391,120,4.263934426,119.3,4.701261034,peavyja01,2012,1,CHA,AL,11,12,32,32,4,1,0,657,191,82,27,49,194,0.234,3.37,1,3,10,2,882,0,88,1,6,NA,1981,5,31,USA,AL,Mobile,NA,NA,NA,NA,NA,NA,Jake,Peavy,Jacob Edward,195,73,R,R,6/22/2002,9/27/2014,peavj001,peavyja01,NA,1981-05-31,219,3.61643835616438
Jake Westbrook,162,4.996456494,172,4.744993695,160,4.679394704,127.3,4.941790668,westbja01,2012,1,SLN,NL,13,11,28,28,1,0,0,524,191,77,12,52,106,0.282,3.97,0,5,8,0,751,0,85,8,5,NA,1977,9,29,USA,GA,Athens,NA,NA,NA,NA,NA,NA,Jake,Westbrook,Jacob Cauthen,210,75,R,R,6/17/2000,9/29/2013,westj001,westbja01,NA,1977-09-29,174.666666666667,4.37977099236641
James McDonald,173,4.526330391,143,4.537263556,175,4.723127364,132.7,4.668461538,mcdonja03,2012,1,PIT,NL,12,8,30,29,1,0,0,513,147,80,21,69,151,0.233,4.21,6,3,4,0,713,0,85,5,4,NA,1984,10,19,USA,CA,Long Beach,NA,NA,NA,NA,NA,NA,James,McDonald,James Zell,205,77,L,R,9/17/2008,5/1/2013,mcdoj004,mcdonja03,NA,1984-10-19,171,4.47368421052632
James Shields,229,3.739142497,205,4.154602774,215,4.023404792,215.3,4.110870113,shielja02,2012,1,TBA,AL,15,10,33,33,3,2,0,683,208,89,25,58,223,0.239,3.52,2,7,11,1,944,0,103,3,2,NA,1981,12,20,USA,CA,Newhall,NA,NA,NA,NA,NA,NA,James,Shields,James Anthony,215,75,R,R,5/31/2006,9/25/2014,shiej002,shielja02,NA,1981-12-20,227.666666666667,4.07174231332357
Jason Motte,61,2.711424968,64,3.454880202,60,3.279949559,57.7,3.411147541,motteja01,2012,1,SLN,NL,4,5,67,0,0,0,42,216,49,22,9,17,86,0.191,2.75,1,0,2,0,279,58,23,2,1,NA,1982,6,22,USA,MI,Port Huron,NA,NA,NA,NA,NA,NA,Jason,Motte,Jason Louis,205,72,R,R,9/3/2008,9/27/2014,mottj001,motteja01,NA,1982-06-22,72,2.875
Jason Vargas,193,4.493530895,178,4.395132409,200,4.580996217,175.3,4.712194199,vargaja01,2012,1,SEA,AL,14,11,33,33,2,0,0,652,201,93,35,55,141,0.245,3.85,1,5,3,0,887,0,94,3,6,NA,1983,2,2,USA,CA,Apple Valley,NA,NA,NA,NA,NA,NA,Jason,Vargas,Jason Matthew,215,72,L,L,7/14/2005,9/24/2014,vargj001,vargaja01,NA,1983-02-02,217.333333333333,3.89263803680982
Javy Guerra,54,3.498612863,48,3.793808323,60,4.099936948,63,3.903139975,guerrja01,2012,1,LAN,NL,2,3,45,0,0,0,8,135,44,13,1,23,37,0.265,2.6,5,1,1,0,196,17,13,4,2,NA,1985,10,31,USA,TX,Denton,NA,NA,NA,NA,NA,NA,Javy,Guerra,Luis Javier,190,73,R,R,5/15/2011,9/27/2014,guerj002,guerrja01,NA,1985-10-31,45,2.6
Jeff Karstens,173,4.493530895,143,4.504464061,150,4.4607314,137.3,5.160453972,karstje01,2012,1,PIT,NL,5,4,19,15,0,0,0,272,89,40,8,15,66,0.256,3.97,0,3,1,1,372,0,41,7,1,NA,1982,9,24,USA,CA,San Diego,NA,NA,NA,NA,NA,NA,Jeff,Karstens,Jeffrey Wayne,185,75,R,R,8/22/2006,10/1/2012,karsj001,karstje01,NA,1982-09-24,90.6666666666667,4.06985294117647
Jeff Niemann,153,4.504464061,144,4.438865069,110,4.2092686,157.3,4.504464061,niemaje01,2012,1,TBA,AL,2,3,8,8,0,0,0,114,30,13,2,12,34,0.213,3.08,0,2,2,0,156,0,17,0,1,NA,1983,2,28,USA,TX,Houston,NA,NA,NA,NA,NA,NA,Jeff,Niemann,Jeffrey Warren,285,81,R,R,4/13/2008,9/1/2012,niemj001,niemaje01,NA,1983-02-28,38,4.02631578947368
Jered Weaver,225,3.356481715,200,3.34554855,215,3.247150063,216.7,3.454880202,weaveje02,2012,1,LAA,AL,20,5,30,30,3,2,0,566,147,59,20,45,142,0.214,2.81,0,2,4,0,739,0,63,0,4,NA,1982,10,4,USA,CA,Northridge,NA,NA,NA,NA,NA,NA,Jered,Weaver,Jered David,210,79,R,R,5/27/2006,9/26/2014,weavj003,weaveje02,NA,1982-10-04,188.666666666667,3.00530035335689
Jeremy Affeldt,61,3.695409836,61,3.870340479,60,3.607944515,53.7,3.848474149,affelje01,2012,1,SFN,NL,1,2,67,0,0,0,3,190,57,19,1,23,57,0.241,2.7,1,5,3,0,267,10,23,4,0,NA,1979,6,6,USA,AZ,Phoenix,NA,NA,NA,NA,NA,NA,Jeremy,Affeldt,Jeremy David,225,76,L,L,4/6/2002,9/27/2014,affej001,affelje01,NA,1979-06-06,63.3333333333333,3.26842105263158
Jeremy Hellickson,202,3.848474149,154,3.673543506,200,4.580996217,155,3.93593947,hellije01,2012,1,TBA,AL,10,11,31,31,0,0,0,531,163,61,25,59,124,0.243,3.1,3,5,4,0,741,0,68,4,3,NA,1987,4,8,USA,IA,Des Moines,NA,NA,NA,NA,NA,NA,Jeremy,Hellickson,Jeremy Robert,190,73,R,R,8/2/2010,9/25/2014,hellj001,hellije01,NA,1987-04-08,177,3.45762711864407
Jhoulys Chacin,202,3.903139975,166,3.826607818,205,4.078070618,177.3,4.045271122,chacijh01,2012,1,COL,NL,3,5,14,14,0,0,0,207,80,34,10,32,45,0.288,4.43,0,3,2,0,314,0,35,1,1,NA,1988,1,7,Venezuela,Zulia,Maracaibo,NA,NA,NA,NA,NA,NA,Jhoulys,Chacin,Jhoulys Jose,215,75,R,R,7/25/2009,6/28/2014,chacj001,chacijh01,NA,1988-01-07,69,4.56521739130435
Joaquin Benoit,62,3.07221942,62,3.487679697,65,3.334615385,54,3.64074401,benoijo01,2012,1,DET,AL,5,3,73,0,0,0,2,213,59,29,14,22,84,0.228,3.68,2,2,1,0,288,18,31,3,3,NA,1977,7,26,D.R.,Santiago,Santiago,NA,NA,NA,NA,NA,NA,Joaquin,Benoit,Joaquin Antonio,220,75,R,R,8/8/2001,9/26/2014,benoj001,benoijo01,NA,1977-07-26,71,3.92957746478873
Joba Chamberlain,48,3.64074401,51,4.242068096,30,3.93593947,46.3,4.242068096,chambjo03,2012,1,NYA,AL,1,0,22,0,0,0,0,62,26,10,3,6,22,0.302,4.35,2,0,2,0,95,5,11,0,1,NA,1985,9,23,USA,NE,Lincoln,NA,NA,NA,NA,NA,NA,Joba,Chamberlain,Justin Louis,250,74,R,R,8/7/2007,9/28/2014,chamj002,chambjo03,NA,1985-09-23,20.6666666666667,4.79032258064516
Joe Nathan,58,3.64074401,47,4.395132409,60,3.93593947,47.3,4.154602774,nathajo01,2012,1,TEX,AL,3,5,66,0,0,0,37,193,55,20,7,13,78,0.231,2.8,1,5,2,0,257,62,23,1,3,NA,1974,11,22,USA,TX,Houston,NA,NA,NA,NA,NA,NA,Joe,Nathan,Joseph Michael,230,76,R,R,4/21/1999,9/28/2014,nathj001,nathajo01,NA,1974-11-22,64.3333333333333,3.21761658031088
Joel Hanrahan,69,2.886355612,66,3.728209332,60,3.115952081,65.3,3.465813367,hanrajo01,2012,1,PIT,NL,5,2,63,0,0,0,36,179,40,18,8,36,67,0.187,2.72,0,6,1,0,254,57,18,3,0,NA,1981,10,6,USA,IA,Des Moines,NA,NA,NA,NA,NA,NA,Joel,Hanrahan,Joel Ryan,255,76,R,R,7/28/2007,5/6/2013,hanrj001,hanrajo01,NA,1981-10-06,59.6666666666667,2.71508379888268
Joel Peralta,67,3.312749054,64,3.695409836,60,4.099936948,58.3,3.706343001,peraljo01,2012,1,TBA,AL,2,6,76,0,0,0,2,201,49,27,9,17,84,0.2,3.63,2,5,1,0,264,9,28,0,1,NA,1976,3,23,D.R.,Monsenor Nouel,Bonao,NA,NA,NA,NA,NA,NA,Joel,Peralta,Joel,210,71,R,R,5/25/2005,9/27/2014,peraj002,peraljo01,NA,1976-03-23,67,3.76119402985075
Johan Santana,142,3.89220681,80,3.629810845,150,4.001538462,91,3.89220681,santajo01,2012,1,NYN,NL,6,9,21,21,2,2,0,351,117,63,17,39,111,0.258,4.85,1,1,0,0,499,0,65,4,3,NA,1979,3,13,Venezuela,Merida,Tovar,NA,NA,NA,NA,NA,NA,Johan,Santana,Johan Alexander,210,72,L,L,4/3/2000,8/17/2012,santj003,santajo02,NA,1979-03-13,117,5
John Axford,68,2.667692308,68,3.400214376,60,2.787957125,67.3,3.356481715,axforjo01,2012,1,MIL,NL,5,8,75,0,0,0,35,208,61,36,10,39,93,0.229,4.67,2,10,2,0,310,54,42,1,2,NA,1983,4,1,CAN,ON,Simcoe,NA,NA,NA,NA,NA,NA,John,Axford,John Berton,220,77,R,R,9/15/2009,9/27/2014,axfoj001,axforjo01,NA,1983-04-01,69.3333333333333,5.45192307692308
John Danks,209,4.099936948,166,4.2092686,190,4.034337957,188,4.602862547,danksjo01,2012,1,CHA,AL,3,4,9,9,0,0,0,161,57,34,7,23,30,0.273,5.7,0,5,1,0,238,0,35,3,2,NA,1985,4,15,USA,TX,Austin,NA,NA,NA,NA,NA,NA,John,Danks,John William,210,73,L,L,4/8/2007,9/27/2014,dankj001,danksjo01,NA,1985-04-15,53.6666666666667,5.8695652173913
John Lannan,174,4.679394704,167,4.416998739,180,4.318600252,175,4.832459016,lannajo01,2012,1,WAS,NL,4,1,6,6,0,0,0,98,33,15,0,14,17,0.27,4.13,1,1,4,0,144,0,15,4,0,NA,1984,9,27,USA,NY,Long Beach,NA,NA,NA,NA,NA,NA,John,Lannan,John Edward,235,76,L,L,7/26/2007,4/13/2014,lannj001,lannajo01,NA,1984-09-27,32.6666666666667,4.13265306122449
Johnny Cueto,198,3.61887768,157,3.575145019,175,3.771941992,173.3,3.968738966,cuetojo01,2012,1,CIN,NL,19,9,33,33,2,0,0,651,205,67,15,49,170,0.252,2.78,5,1,12,3,888,0,73,6,6,NA,1986,2,15,D.R.,San Pedro de Macoris,San Pedro de Macoris,NA,NA,NA,NA,NA,NA,Johnny,Cueto,Johnny,215,71,R,R,4/3/2008,9/28/2014,cuetj001,cuetojo01,NA,1986-02-15,217,3.02764976958525
Jon Lester,212,3.542345523,177,3.782875158,205,3.93593947,187.3,3.782875158,lestejo01,2012,1,BOS,AL,9,14,33,33,3,0,0,616,216,110,25,68,166,0.273,4.82,2,6,4,0,876,0,117,5,7,NA,1984,1,7,USA,WA,Tacoma,NA,NA,NA,NA,NA,NA,Jon,Lester,Jonathan Tyler,240,76,L,L,6/10/2006,9/24/2014,lestj001,lestejo01,NA,1984-01-07,205.333333333333,5.12824675324675
Jonathan Papelbon,66,3.028486759,64,3.771941992,60,2.295964691,63.7,2.77702396,papeljo01,2012,1,PHI,NL,5,6,70,0,0,0,38,210,56,19,8,18,92,0.216,2.44,1,0,4,0,284,64,22,3,0,NA,1980,11,23,USA,LA,Baton Rouge,NA,NA,NA,NA,NA,NA,Jonathan,Papelbon,Jonathan Robert,215,76,R,R,7/31/2005,9/26/2014,papej001,papeljo01,NA,1980-11-23,70,2.82857142857143
Jonathon Niese,181,4.242068096,155,4.570063052,175,4.045271122,157.7,4.559129887,niesejo01,2012,1,NYN,NL,13,9,30,30,0,0,0,571,174,72,22,49,155,0.241,3.4,2,6,4,0,788,0,77,8,4,NA,1986,10,27,USA,OH,Lima,NA,NA,NA,NA,NA,NA,Jonathon,Niese,Jonathon Joseph,220,75,L,L,9/2/2008,9/26/2014,niesj001,niesejo01,NA,1986-10-27,190.333333333333,3.64098073555166
Jonny Venters,74,2.602093317,77,3.006620429,70,2.667692308,84.3,3.028486759,ventejo01,2012,1,ATL,NL,5,4,66,0,0,0,0,176,61,21,6,28,69,0.27,3.22,3,9,5,0,262,12,23,3,0,NA,1985,3,20,USA,KY,Pikeville,NA,NA,NA,NA,NA,NA,Jonny,Venters,Jonathan William,200,75,L,L,4/17/2010,10/3/2012,ventj001,ventejo01,NA,1985-03-20,58.6666666666667,3.52840909090909
Jordan Lyles,137,4.898058008,98,4.723127364,150,4.723127364,150.7,5.226052963,lylesjo01,2012,1,HOU,NL,5,12,25,25,1,1,0,424,159,80,20,42,99,0.278,5.09,4,2,5,0,628,0,97,6,4,NA,1990,10,19,USA,SC,Florence,NA,NA,NA,NA,NA,NA,Jordan,Lyles,Jordan Horton,215,76,R,R,5/31/2011,9/26/2014,lylej001,lylesjo01,NA,1990-10-19,141.333333333333,6.17688679245283
Jordan Walden,61,3.36741488,57,3.881273644,60,3.279949559,61,3.870340479,waldejo01,2012,1,LAA,AL,3,2,45,0,0,0,1,117,35,15,3,18,48,0.229,3.46,1,7,0,0,172,20,15,0,1,NA,1987,11,16,USA,TX,Fort Worth,NA,NA,NA,NA,NA,NA,Jordan,Walden,Jordan Craig,250,77,R,R,8/22/2010,9/26/2014,waldj001,waldejo01,NA,1987-11-16,39,3.46153846153846
Jordan Zimmermann,186,3.728209332,144,3.89220681,190,4.198335435,120.7,3.990605296,zimmejo02,2012,1,WAS,NL,12,8,32,32,0,0,0,587,186,64,18,43,153,0.251,2.94,2,3,8,0,805,0,69,8,4,NA,1986,5,23,USA,WI,Auburndale,NA,NA,NA,NA,NA,NA,Jordan,Zimmermann,Jordan M.,220,74,R,R,4/20/2009,9/28/2014,zimmj003,zimmejo02,NA,1986-05-23,195.666666666667,3.17376490630324
Jose Arredondo,60,3.761008827,51,4.242068096,55,4.832459016,65.3,4.515397226,arredjo01,2012,1,CIN,NL,6,2,66,0,0,0,1,183,50,20,7,34,62,0.225,2.95,2,0,1,2,263,17,26,2,4,NA,1984,3,12,D.R.,San Pedro de Macoris,San Pedro de Macoris,NA,NA,NA,NA,NA,NA,Jose,Arredondo,Jose Juan,190,72,R,R,5/14/2008,10/3/2012,arrej001,arredjo01,NA,1984-03-12,61,3.83606557377049
Jose Valverde,68,3.389281211,67,3.673543506,60,3.607944515,58.3,3.881273644,valvejo01,2012,1,DET,AL,3,4,71,0,0,0,35,207,59,29,3,27,48,0.229,3.78,5,1,4,0,294,67,34,2,3,NA,1978,3,24,D.R.,San Pedro de Macoris,San Pedro de Macoris,NA,NA,NA,NA,NA,NA,Jose,Valverde,Jose Rafael,265,76,R,R,6/1/2003,5/26/2014,valvj001,valvejo01,NA,1978-03-24,69,4.43478260869565
Josh Collmenter,161,4.810592686,129,3.771941992,175,4.384199243,143,4.537263556,collmjo01,2012,1,ARI,NL,5,3,28,11,0,0,0,271,92,37,13,22,80,0.264,3.69,2,1,0,0,375,7,39,5,0,NA,1986,2,7,USA,MI,Homer,NA,NA,NA,NA,NA,NA,Josh,Collmenter,Joshua Michael,235,76,R,R,4/17/2011,9/28/2014,collj001,collmjo01,NA,1986-02-07,90.3333333333333,3.88560885608856
Josh Johnson,175,2.962887768,109,3.028486759,160,3.137818411,128.7,2.908221942,johnsjo09,2012,1,MIA,NL,8,14,31,31,0,0,0,574,180,81,14,65,165,0.252,3.81,7,5,4,0,798,0,84,8,8,NA,1984,1,31,USA,MN,Minneapolis,NA,NA,NA,NA,NA,NA,Josh,Johnson,Joshua Michael,245,79,L,R,9/10/2005,8/6/2013,johnj009,johnsjo09,NA,1984-01-31,191.333333333333,3.95121951219512
Josh Tomlin,179,4.766860025,150,4.362332913,160,4.493530895,150,4.985523329,tomlijo01,2012,1,CLE,AL,5,8,21,16,0,0,0,310,126,73,18,25,56,0.301,6.36,3,4,3,0,452,0,74,2,3,NA,1984,10,19,USA,TX,Tyler,NA,NA,NA,NA,NA,NA,Josh,Tomlin,Joshua Aubry,190,73,R,R,7/27/2010,9/19/2014,tomlj001,tomlijo01,NA,1984-10-19,103.333333333333,6.44516129032258
Julio Teheran,101,4.274867591,56,4.220201765,100,4.624728878,152,4.2092686,teherju01,2012,1,ATL,NL,0,0,2,1,0,0,0,19,5,4,0,1,5,0.217,5.68,0,0,0,0,24,0,4,0,0,NA,1991,1,27,Colombia,Bolivar,Cartagena,NA,NA,NA,NA,NA,NA,Julio,Teheran,Julio Alberto,200,74,R,R,5/7/2011,9/24/2014,tehej001,teherju01,NA,1991-01-27,6.33333333333333,5.68421052631579
Justin Masterson,209,4.045271122,180,4.2092686,205,4.220201765,204,4.056204288,masteju01,2012,1,CLE,AL,11,15,34,34,1,0,0,619,212,113,18,88,159,0.269,4.93,1,14,13,0,906,0,122,6,11,NA,1985,3,22,Jamaica,NA,Kingston,NA,NA,NA,NA,NA,NA,Justin,Masterson,Justin Daniel,250,78,R,R,4/24/2008,9/28/2014,mastj001,masteju01,NA,1985-03-22,206.333333333333,5.32148626817447
Justin Verlander,234,3.247150063,208,3.290882724,215,3.203417402,225.3,3.236216898,verlaju01,2012,1,DET,AL,17,8,33,33,6,1,0,715,192,70,19,60,239,0.217,2.64,2,2,5,1,956,0,81,4,3,NA,1983,2,20,USA,VA,Manakin Sabot,NA,NA,NA,NA,NA,NA,Justin,Verlander,Justin Brooks,225,77,R,R,7/4/2005,9/24/2014,verlj001,verlaju01,NA,1983-02-20,238.333333333333,3.05874125874126
Kenley Jansen,61,2.941021438,55,3.312749054,60,2.131967213,63,2.50369483,janseke01,2012,1,LAN,NL,5,3,65,0,0,0,25,195,33,17,6,22,99,0.146,2.35,1,3,3,0,252,40,18,0,1,NA,1987,9,30,Curacao,NA,Willemstad,NA,NA,NA,NA,NA,NA,Kenley,Jansen,Kenley Geronimo,265,77,B,R,7/24/2010,9/28/2014,jansk001,janseke01,NA,1987-09-30,65,2.49230769230769
Kevin Correia,155,5.193253468,150,4.887124842,170,5.040189155,142.3,5.466582598,correke01,2012,1,PIT,NL,12,11,32,28,0,0,0,513,176,80,20,46,89,0.267,4.21,2,2,3,0,728,0,89,14,7,NA,1980,8,24,USA,CA,San Diego,NA,NA,NA,NA,NA,NA,Kevin,Correia,Kevin John,200,75,R,R,7/10/2003,9/22/2014,corrk001,correke01,NA,1980-08-24,171,4.68421052631579
Kris Medlen,98,3.979672131,48,3.89220681,100,4.034337957,82.3,4.18740227,medlekr01,2012,1,ATL,NL,10,1,50,12,2,1,1,414,103,24,6,23,120,0.208,1.57,0,3,0,0,520,7,26,1,0,NA,1985,10,7,USA,CA,Artesia,NA,NA,NA,NA,NA,NA,Kris,Medlen,Kristopher Allen,190,70,B,R,5/21/2009,9/27/2013,medlk001,medlekr01,NA,1985-10-07,138,1.69565217391304
Kyle Drabek,88,5.193253468,94,5.291651955,110,4.919924338,147.3,6.341235813,drabeky01,2012,1,TOR,AL,4,7,13,13,0,0,0,214,67,37,10,47,47,0.25,4.67,0,7,1,0,317,0,41,0,1,NA,1987,12,8,USA,TX,Victoria,NA,NA,NA,NA,NA,NA,Kyle,Drabek,Kyle Jordan,205,74,R,R,9/15/2010,8/22/2014,drabk001,drabeky01,NA,1987-12-08,71.3333333333333,5.17289719626168
Kyle Farnsworth,59,3.312749054,60,3.93593947,60,3.279949559,49.7,3.564211854,farnsky01,2012,1,TBA,AL,1,6,34,0,0,0,0,81,22,12,1,14,25,0.216,4,2,2,1,0,120,8,13,2,1,NA,1976,4,14,USA,KS,Wichita,NA,NA,NA,NA,NA,NA,Kyle,Farnsworth,Kyle Lynn,230,76,R,R,4/29/1999,6/25/2014,farnk001,farnsky01,NA,1976-04-14,27,4.33333333333333
Kyle Kendrick,111,4.591929382,122,4.318600252,120,4.679394704,134.7,4.821525851,kendrky01,2012,1,PHI,NL,11,12,37,25,1,1,0,478,154,69,20,49,116,0.254,3.9,4,1,7,0,674,2,76,8,4,NA,1984,8,26,USA,TX,Houston,NA,NA,NA,NA,NA,NA,Kyle,Kendrick,Kyle Rodney,210,75,R,R,6/13/2007,9/24/2014,kendk001,kendrky01,NA,1984-08-26,159.333333333333,4.2928870292887
Kyle Lohse,156,4.690327869,163,4.493530895,185,4.624728878,123.7,4.77779319,lohseky01,2012,1,SLN,NL,16,3,33,33,0,0,0,633,192,67,19,38,143,0.239,2.86,1,1,4,0,864,0,74,11,7,NA,1978,10,4,USA,CA,Chico,NA,NA,NA,NA,NA,NA,Kyle,Lohse,Kyle Matthew,210,74,R,R,6/22/2001,9/24/2014,lohsk001,lohseky01,NA,1978-10-04,211,3.1563981042654
Logan Ondrusek,85,3.859407314,62,3.968738966,60,4.75592686,65.3,4.515397226,ondrulo01,2012,1,CIN,NL,5,2,63,0,0,0,2,164,51,21,8,31,39,0.246,3.46,4,5,3,0,243,20,23,1,1,NA,1985,2,13,USA,TX,Hallettsville,NA,NA,NA,NA,NA,NA,Logan,Ondrusek,Logan Jared,230,80,R,R,4/5/2010,9/14/2014,ondrl001,ondrulo01,NA,1985-02-13,54.6666666666667,3.78658536585366
Luke Gregerson,64,3.247150063,61,3.553278689,60,4.099936948,66.3,3.411147541,gregelu01,2012,1,SDN,NL,2,0,77,0,0,0,9,215,57,19,7,21,72,0.215,2.39,3,3,3,0,294,15,19,5,0,NA,1984,5,14,USA,IL,Park Ridge,NA,NA,NA,NA,NA,NA,Luke,Gregerson,Lucas John,200,75,L,R,4/6/2009,9/25/2014,gregl001,gregelu01,NA,1984-05-14,71.6666666666667,2.38604651162791
Luke Hochevar,193,4.602862547,169,4.887124842,195,5.247919294,158.3,5.094854981,hochelu01,2012,1,KCA,AL,8,16,32,32,2,1,0,556,202,118,27,61,144,0.281,5.73,3,8,13,0,800,0,127,4,3,NA,1983,9,15,USA,CO,Denver,NA,NA,NA,NA,NA,NA,Luke,Hochevar,Luke Anthony,225,77,R,R,9/8/2007,9/29/2013,hochl001,hochelu01,NA,1983-09-15,185.333333333333,6.16726618705036
Madison Bumgarner,203,3.454880202,173,3.586078184,200,3.301815889,198.3,3.771941992,bumgama01,2012,1,SFN,NL,16,11,32,32,2,1,0,625,183,78,23,49,191,0.234,3.37,6,3,7,2,849,0,87,7,4,NA,1989,8,1,USA,NC,Hickory,NA,NA,NA,NA,NA,NA,Madison,Bumgarner,Madison Kyle,235,77,R,L,9/8/2009,9/23/2014,bumgm001,bumgama01,NA,1989-08-01,208.333333333333,3.7584
Mariano Rivera,60,2.558360656,62,3.258083228,60,2.459962169,49,3.411147541,riverma01,2012,1,NYA,AL,1,1,9,0,0,0,5,25,6,2,0,2,8,0.2,2.16,2,0,0,0,32,9,2,0,0,NA,1969,11,29,Panama,Panama,Panama,NA,NA,NA,NA,NA,NA,Mariano,Rivera,Mariano,195,74,R,R,5/23/1995,9/26/2013,rivem002,riverma01,NA,1969-11-29,8.33333333333333,2.16
Mark Buehrle,210,4.176469105,184,4.384199243,205,4.132736444,178,4.034337957,buehrma01,2012,1,MIA,NL,13,13,31,31,1,0,0,607,197,84,26,40,125,0.258,3.74,3,2,4,0,828,0,88,14,7,NA,1979,3,23,USA,MO,St. Charles,NA,NA,NA,NA,NA,NA,Mark,Buehrle,Mark Alan,240,74,L,L,7/16/2000,9/24/2014,buehm001,buehrma01,NA,1979-03-23,202.333333333333,3.91433278418451
Mark Melancon,69,3.454880202,64,3.771941992,60,3.443947037,57.7,3.925006305,melanma01,2012,1,BOS,AL,0,2,41,0,0,0,1,135,45,31,8,12,41,0.256,6.2,1,2,3,0,194,17,31,1,2,NA,1985,3,28,USA,CO,Wheat Ridge,NA,NA,NA,NA,NA,NA,Mark,Melancon,Mark D.,215,74,R,R,4/26/2009,9/26/2014,melam001,melanma01,NA,1985-03-28,45,6.2
Mat Latos,207,3.64074401,176,3.520479193,200,3.990605296,191.7,3.695409836,latosma01,2012,1,CIN,NL,14,4,33,33,2,0,0,628,179,81,25,64,185,0.23,3.48,9,3,4,1,858,0,87,9,3,NA,1987,12,9,USA,VA,Alexandria,NA,NA,NA,NA,NA,NA,Mat,Latos,Mathew A.,245,78,R,R,7/19/2009,9/7/2014,latom001,latosma01,NA,1987-12-09,209.333333333333,3.74044585987261
Matt Cain,221,3.400214376,193,3.290882724,210,3.137818411,213,3.323682219,cainma01,2012,1,SFN,NL,16,5,32,32,2,2,0,658,177,68,21,51,193,0.222,2.79,1,8,9,0,876,0,73,11,9,NA,1984,10,1,USA,AL,Dothan,NA,NA,NA,NA,NA,NA,Matt,Cain,Matthew Thomas,230,75,R,R,8/29/2005,7/9/2014,cainm001,cainma01,NA,1984-10-01,219.333333333333,2.99544072948328
Matt Capps,60,4.307667087,65,4.395132409,60,4.427931904,64.3,4.898058008,cappsma01,2012,1,MIN,AL,1,4,30,0,0,0,14,88,28,12,5,4,18,0.241,3.68,1,3,0,0,120,29,13,0,0,NA,1983,9,3,USA,GA,Douglasville,NA,NA,NA,NA,NA,NA,Matt,Capps,Matthew Dicus,250,74,R,R,9/16/2005,9/24/2012,cappm001,cappsma01,NA,1983-09-03,29.3333333333333,3.98863636363636
Matt Garza,212,3.870340479,179,3.925006305,205,3.553278689,194.3,3.848474149,garzama01,2012,1,CHN,NL,5,7,18,18,0,0,0,311,90,45,15,32,96,0.236,3.91,0,1,4,0,424,0,48,5,1,NA,1983,11,26,USA,CA,Selma,NA,NA,NA,NA,NA,NA,Matt,Garza,Matthew Scott,215,76,R,R,8/11/2006,9/20/2014,garzm001,garzama01,NA,1983-11-26,103.666666666667,4.16720257234727
Matt Harrison,184,4.438865069,148,4.253001261,100,4.329533417,156.3,4.340466583,harrima01,2012,1,TEX,AL,18,11,32,32,4,2,0,640,210,78,22,59,133,0.258,3.29,0,2,1,0,876,0,82,1,2,NA,1985,9,16,USA,NC,Durham,NA,NA,NA,NA,NA,NA,Matt,Harrison,Matthew Reid,240,76,L,L,7/8/2008,5/13/2014,harrm001,harrima01,NA,1985-09-16,213.333333333333,3.459375
Matt Moore,167,3.553278689,41,4.318600252,160,3.509546028,145,4.067137453,moorema02,2012,1,TBA,AL,11,11,31,31,0,0,0,532,158,75,18,81,175,0.238,3.81,5,8,7,1,759,0,85,3,4,NA,1989,6,18,USA,FL,Fort Walton Beach,NA,NA,NA,NA,NA,NA,Matt,Moore,Matthew Cody,200,75,L,L,9/14/2011,4/7/2014,moorm003,moorema02,NA,1989-06-18,177.333333333333,4.31390977443609
Matt Thornton,65,3.148751576,61,3.870340479,60,2.951954603,56,3.509546028,thornma01,2012,1,CHA,AL,4,10,74,0,0,0,3,195,63,25,4,17,53,0.257,3.46,4,2,3,0,266,18,27,1,0,NA,1976,9,15,USA,MI,Three Rivers,NA,NA,NA,NA,NA,NA,Matt,Thornton,Matthew J.,235,78,L,L,6/27/2004,9/25/2014,thorm001,thornma01,NA,1976-09-15,65,3.73846153846154
Max Scherzer,200,4.165535939,177,4.471664565,200,4.285800757,185.7,4.449798235,scherma01,2012,1,DET,AL,16,7,32,32,0,0,0,563,179,78,23,60,231,0.25,3.74,2,2,5,1,787,0,82,5,1,NA,1984,7,27,USA,MO,St. Louis,NA,NA,NA,NA,NA,NA,Max,Scherzer,Maxwell M.,220,75,R,R,4/29/2008,9/25/2014,schem001,scherma01,NA,1984-07-27,187.666666666667,3.93250444049734
Mike Adams,68,2.77702396,69,2.919155107,60,2.787957125,55.7,3.531412358,adamsmi03,2012,1,TEX,AL,5,3,61,0,0,0,1,157,56,19,4,17,45,0.269,3.27,1,2,3,0,228,7,21,0,0,NA,1978,7,29,USA,TX,Corpus Christi,NA,NA,NA,NA,NA,NA,Mike,Adams,Jon Michael,210,77,R,R,5/18/2004,9/18/2014,adamm001,adamsmi03,NA,1978-07-29,52.3333333333333,3.61146496815287
Mike Leake,189,4.242068096,154,4.253001261,175,4.165535939,159,4.832459016,leakemi01,2012,1,CIN,NL,8,9,30,30,2,0,0,537,201,91,26,41,116,0.287,4.58,3,3,3,0,757,0,97,6,7,NA,1987,11,12,USA,CA,San Diego,NA,NA,NA,NA,NA,NA,Mike,Leake,Michael Raymond,190,70,R,R,4/11/2010,9/26/2014,leakm001,leakemi01,NA,1987-11-12,179,4.87709497206704
Mike Minor,143,4.285800757,104,4.591929382,120,4.18740227,178.3,4.416998739,minormi01,2012,1,ATL,NL,11,10,30,30,0,0,0,538,151,82,26,56,145,0.232,4.12,7,3,5,0,728,0,88,8,8,NA,1987,12,26,USA,TN,Chapel Hill,NA,NA,NA,NA,NA,NA,Mike,Minor,Michael David,210,76,R,L,8/9/2010,9/20/2014,minom001,minormi01,NA,1987-12-26,179.333333333333,4.41635687732342
Mike Pelfrey,194,4.701261034,176,4.613795712,200,4.919924338,176.7,4.898058008,pelfrmi01,2012,1,NYN,NL,0,0,3,3,0,0,0,59,24,5,0,4,13,0.3,2.29,0,1,0,0,85,0,5,1,0,NA,1984,1,14,USA,OH,Wright Patterson AFB,NA,NA,NA,NA,NA,NA,Mike,Pelfrey,Michael Alan,250,79,R,R,7/8/2006,5/1/2014,pelfm001,pelfrmi01,NA,1984-01-14,19.6666666666667,2.28813559322034
Neftali Feliz,159,3.771941992,63,3.356481715,170,4.220201765,170.3,3.815674653,felizne01,2012,1,TEX,AL,3,1,8,7,1,0,0,128,28,15,5,23,37,0.187,3.16,0,0,2,0,175,0,15,0,0,NA,1988,5,2,D.R.,Azua,Azua,NA,NA,NA,NA,NA,NA,Neftali,Feliz,Neftali,225,75,R,R,8/3/2009,9/27/2014,felin001,felizne01,NA,1988-05-02,42.6666666666667,3.1640625
Nick Blackburn,174,4.919924338,149,5.149520807,160,4.854325347,147,5.422849937,blackni01,2012,1,MIN,AL,4,9,19,19,0,0,0,296,143,81,23,26,42,0.34,7.39,0,2,1,0,456,0,81,2,6,NA,1982,2,24,USA,OK,Ada,NA,NA,NA,NA,NA,NA,Nick,Blackburn,Robert Nicholas,240,76,R,R,9/3/2007,8/17/2012,blacn001,blackni01,NA,1982-02-24,98.6666666666667,7.38851351351351
Rafael Soriano,58,3.411147541,51,3.761008827,60,4.099936948,63,3.433013871,soriara01,2012,1,NYA,AL,2,1,69,0,0,0,42,203,55,17,6,24,69,0.217,2.26,4,3,1,0,279,54,17,0,1,NA,1979,12,19,D.R.,San Pedro de Macoris,San Jose,NA,NA,NA,NA,NA,NA,Rafael,Soriano,Rafael,230,76,R,R,5/10/2002,9/26/2014,sorir001,soriara01,NA,1979-12-19,67.6666666666667,2.26108374384236
Randall Delgado,66,4.416998739,77,3.837540984,80,4.919924338,151.3,5.204186633,delgara01,2012,1,ATL,NL,4,9,18,17,0,0,0,278,89,45,8,42,76,0.256,4.37,4,5,4,1,401,0,48,5,3,NA,1990,2,9,Panama,Los Santos,Las Tablas,NA,NA,NA,NA,NA,NA,Randall,Delgado,Randall Enrique,200,75,R,R,6/17/2011,9/27/2014,delgr001,delgara01,NA,1990-02-09,92.6666666666667,4.66187050359712
Randy Wells,170,4.766860025,147,4.548196721,160,4.679394704,156,4.919924338,wellsra01,2012,1,CHN,NL,1,2,12,4,0,0,0,86,35,17,1,24,14,0.313,5.34,1,1,2,0,143,2,18,4,1,NA,1982,8,28,USA,IL,Belleville,NA,NA,NA,NA,NA,NA,Randy,Wells,Randy David,230,77,R,R,4/5/2008,6/26/2012,wellr001,wellsra01,NA,1982-08-28,28.6666666666667,5.65116279069767
Rick Porcello,192,4.77779319,167,4.712194199,195,4.690327869,173.3,4.996456494,porceri01,2012,1,DET,AL,10,12,31,31,0,0,0,529,226,90,16,44,107,0.31,4.59,3,6,6,0,783,0,101,2,3,NA,1988,12,27,USA,NJ,Morristown,NA,NA,NA,NA,NA,NA,Rick,Porcello,Frederick Alfred,200,77,R,R,4/9/2009,9/26/2014,porcr001,porceri01,NA,1988-12-27,176.333333333333,5.15500945179584
Ricky Nolasco,193,4.471664565,179,4.723127364,200,4.974590164,181.7,4.602862547,nolasri01,2012,1,MIA,NL,12,13,31,31,3,2,0,573,214,95,18,47,125,0.285,4.48,9,8,8,1,832,0,100,19,6,NA,1982,12,13,USA,CA,Corona,NA,NA,NA,NA,NA,NA,Ricky,Nolasco,Carlos Enrique,225,74,R,R,4/5/2006,9/27/2014,nolar001,nolasri01,NA,1982-12-13,191,4.71204188481675
Ricky Romero,221,3.739142497,193,3.903139975,210,3.89220681,210.3,4.067137453,romerri01,2012,1,TOR,AL,9,14,32,32,1,0,0,543,198,116,21,105,124,0.282,5.77,1,8,10,0,829,0,122,7,4,NA,1984,11,6,USA,CA,East Los Angeles,NA,NA,NA,NA,NA,NA,Ricky,Romero,Ricardo,210,73,R,L,4/9/2009,9/25/2013,romer002,romerri01,NA,1984-11-06,181,6.06629834254144
Roy Halladay,242,2.875422446,202,3.137818411,220,2.634892812,209.7,3.09408575,hallaro01,2012,1,PHI,NL,11,8,25,25,0,0,0,469,155,78,18,36,132,0.261,4.49,0,2,5,0,646,0,78,5,6,NA,1977,5,14,USA,CO,Denver,NA,NA,NA,NA,NA,NA,Roy,Halladay,Harry Leroy,225,78,R,R,9/20/1998,9/23/2013,hallr001,hallaro01,NA,1977-05-14,156.333333333333,4.49040511727079
Roy Oswalt,160,4.023404792,150,3.837540984,175,3.990605296,154,4.023404792,oswalro01,2012,1,TEX,AL,4,3,17,9,0,0,0,177,79,38,11,11,59,0.32,5.8,0,3,3,2,264,2,41,3,0,NA,1977,8,29,USA,MS,Kosciusko,NA,NA,NA,NA,NA,NA,Roy,Oswalt,Roy Edward,190,72,R,R,5/6/2001,9/29/2013,oswar001,oswalro01,NA,1977-08-29,59,6.25423728813559
Ryan Vogelsong,172,4.329533417,147,3.750075662,175,3.881273644,153,4.570063052,vogelry01,2012,1,SFN,NL,14,9,31,31,0,0,0,569,171,71,17,62,158,0.242,3.37,7,3,8,0,788,0,76,7,4,NA,1977,7,22,USA,NC,Charlotte,NA,NA,NA,NA,NA,NA,Ryan,Vogelsong,Ryan Andrew,215,76,R,R,9/2/2000,9/26/2014,voger001,vogelry01,NA,1977-07-22,189.666666666667,3.60632688927944
Sam LeCure,91,3.979672131,74,4.056204288,110,3.848474149,107,4.77779319,lecursa01,2012,1,CIN,NL,3,3,48,0,0,0,0,172,46,20,3,23,61,0.221,3.14,2,2,1,0,237,12,22,4,1,NA,1984,5,4,USA,MO,Jefferson City,NA,NA,NA,NA,NA,NA,Sam,LeCure,Samuel R.,205,72,R,R,5/28/2010,9/27/2014,lecus001,lecursa01,NA,1984-05-04,57.3333333333333,3.45348837209302
Sean Marshall,76,2.919155107,71,3.400214376,65,3.028486759,72.3,2.995687264,marshse01,2012,1,CIN,NL,5,5,73,0,0,0,9,183,55,17,3,16,74,0.232,2.51,2,1,3,1,256,22,18,0,0,NA,1982,8,30,USA,VA,Richmond,NA,NA,NA,NA,NA,NA,Sean,Marshall,Sean Christopher,225,79,L,L,4/9/2006,6/10/2014,marss002,marshse01,NA,1982-08-30,61,2.65573770491803
Sergio Romo,58,2.536494325,55,3.225283733,60,1.967969735,49,2.405296343,romose01,2012,1,SFN,NL,4,2,69,0,0,0,14,166,37,11,5,10,63,0.185,1.79,1,2,3,0,215,27,11,2,0,NA,1983,3,4,USA,CA,Brawley,NA,NA,NA,NA,NA,NA,Sergio,Romo,Sergio Francisco,185,70,R,R,6/26/2008,9/25/2014,romos001,romose01,NA,1983-03-04,55.3333333333333,1.78915662650602
Sergio Santos,60,3.520479193,62,4.045271122,60,2.787957125,59.3,3.651677175,santose01,2012,1,TOR,AL,0,1,6,0,0,0,2,15,6,5,1,4,4,0.316,9,0,1,0,0,24,4,5,0,1,NA,1983,7,4,USA,CA,Los Angeles,NA,NA,NA,NA,NA,NA,Sergio,Santos,Sergio Jose,215,75,R,R,4/8/2010,8/26/2014,sants001,santose01,NA,1983-07-04,5,9
Shaun Marcum,190,4.012471627,180,3.881273644,200,4.089003783,151.3,3.837540984,marcush01,2012,1,MIL,NL,7,4,21,21,0,0,0,372,116,51,16,41,109,0.245,3.7,2,3,4,2,527,0,57,6,2,NA,1981,12,14,USA,MO,Kansas City,NA,NA,NA,NA,NA,NA,Shaun,Marcum,Shaun Michal,195,72,R,R,9/6/2005,7/6/2013,marcs001,marcush01,NA,1981-12-14,124,4.13709677419355
Stephen Strasburg,162,3.105018916,79,3.301815889,155,2.602093317,75.7,3.115952081,strasst01,2012,1,WAS,NL,15,6,28,28,0,0,0,478,136,56,15,48,197,0.23,3.16,1,5,4,0,653,0,62,6,4,NA,1988,7,20,USA,CA,San Diego,NA,NA,NA,NA,NA,NA,Stephen,Strasburg,Stephen James,230,76,R,R,6/8/2010,9/27/2014,stras001,strasst01,NA,1988-07-20,159.333333333333,3.5020920502092
Ted Lilly,183,4.438865069,176,4.056204288,180,3.990605296,166.3,4.078070618,lillyte01,2012,1,LAN,NL,5,1,8,8,0,0,0,146,36,17,3,19,31,0.203,3.14,1,3,2,0,202,0,23,2,2,NA,1976,1,4,USA,CA,Lomita,NA,NA,NA,NA,NA,NA,Ted,Lilly,Theodore Roosevelt,195,72,L,L,5/14/1999,6/4/2013,lillt001,lillyte01,NA,1976-01-04,48.6666666666667,4.25342465753425
Tim Collins,63,3.946872636,59,4.001538462,60,5.247919294,66.7,4.427931904,colliti01,2012,1,KCA,AL,5,4,72,0,0,0,0,209,55,26,8,34,93,0.216,3.36,8,3,2,0,295,9,29,3,1,NA,1989,8,21,USA,MA,Worcester,NA,NA,NA,NA,NA,NA,Tim,Collins,Timothy Michael,170,67,L,L,3/31/2011,9/28/2014,collt001,colliti01,NA,1989-08-21,69.6666666666667,3.74641148325359
Tim Hudson,203,3.717276166,190,3.673543506,195,3.433013871,162.7,3.93593947,hudsoti01,2012,1,ATL,NL,16,7,28,28,1,1,0,537,168,72,12,48,102,0.248,3.62,2,3,9,0,749,0,77,10,4,NA,1975,7,14,USA,GA,Columbus,NA,NA,NA,NA,NA,NA,Tim,Hudson,Timothy Adam,175,73,R,R,6/8/1999,9/24/2014,hudst001,hudsoti01,NA,1975-07-14,179,3.87150837988827
Tim Lincecum,219,3.181551072,190,3.389281211,210,3.323682219,212.7,3.192484237,linceti01,2012,1,SFN,NL,10,15,33,33,0,0,0,558,183,107,23,90,190,0.256,5.18,3,17,4,2,825,0,111,11,6,NA,1984,6,15,USA,WA,Bellevue,NA,NA,NA,NA,NA,NA,Tim,Lincecum,Timothy LeRoy,170,71,L,R,5/6/2007,9/28/2014,linct001,linceti01,NA,1984-06-15,186,5.37096774193548
Tim Stauffer,192,4.056204288,151,3.881273644,190,3.728209332,142.3,4.143669609,staufti01,2012,1,SDN,NL,0,0,1,1,0,0,0,15,7,3,1,3,5,0.333,5.4,0,0,0,0,24,0,4,0,0,NA,1982,6,2,USA,ME,Portland,NA,NA,NA,NA,NA,NA,Tim,Stauffer,Timothy James,210,73,R,R,5/11/2005,9/28/2014,staut001,staufti01,NA,1982-06-02,5,7.2
Tommy Hanson,170,3.607944515,145,3.66261034,185,3.400214376,171.3,3.498612863,hansoto01,2012,1,ATL,NL,13,10,31,31,0,0,0,524,183,87,27,71,161,0.271,4.48,5,6,5,0,761,0,95,8,2,NA,1986,8,28,USA,OK,Tulsa,NA,NA,NA,NA,NA,NA,Tommy,Hanson,Thomas J.,220,78,R,R,6/7/2009,9/28/2013,hanst001,hansoto01,NA,1986-08-28,174.666666666667,4.89503816793893
Travis Wood,166,4.427931904,119,4.253001261,100,4.919924338,165,4.471664565,woodtr01,2012,1,CHN,NL,6,13,26,26,0,0,0,468,133,74,25,54,119,0.232,4.27,3,2,8,1,649,0,80,9,4,NA,1987,2,6,USA,AR,Little Rock,NA,NA,NA,NA,NA,NA,Travis,Wood,Travis A.,175,71,R,L,7/1/2010,9/22/2014,woodt004,woodtr01,NA,1987-02-06,156,4.61538461538461
Trevor Cahill,204,4.18740227,183,4.110870113,200,4.034337957,200.7,4.263934426,cahiltr01,2012,1,ARI,NL,13,12,32,32,2,1,0,600,184,84,16,74,156,0.25,3.78,0,10,11,2,839,0,93,12,6,NA,1988,3,1,USA,CA,Oceanside,NA,NA,NA,NA,NA,NA,Trevor,Cahill,Trevor John,220,76,R,R,4/7/2009,9/26/2014,cahit001,cahiltr01,NA,1988-03-01,200,4.185
Tyler Chatwood,110,5.444716267,128,4.919924338,90,5.357250946,144.7,6.188171501,chatwty01,2012,1,COL,NL,5,6,19,12,0,0,1,194,74,39,9,33,41,0.29,5.43,2,4,0,0,294,3,43,4,2,NA,1989,12,16,USA,CA,Redlands,NA,NA,NA,NA,NA,NA,Tyler,Chatwood,Tyler Cole,185,72,R,R,4/11/2011,4/29/2014,chatt001,chatwty01,NA,1989-12-16,64.6666666666667,5.98453608247423
Tyler Clippard,86,2.962887768,78,3.09408575,70,3.236216898,88.3,3.115952081,clippty01,2012,1,WAS,NL,2,6,74,0,0,0,32,218,55,30,7,29,84,0.204,3.72,2,5,2,0,307,42,32,3,4,NA,1985,2,14,USA,KY,Lexington,NA,NA,NA,NA,NA,NA,Tyler,Clippard,Tyler Lee,200,75,R,R,5/20/2007,9/27/2014,clipt001,clippty01,NA,1985-02-14,72.6666666666667,3.96330275229358
Ubaldo Jimenez,207,4.078070618,176,4.110870113,200,3.990605296,196.7,3.848474149,jimenub01,2012,1,CLE,AL,9,17,31,31,0,0,0,530,190,106,25,95,143,0.273,5.4,3,16,8,1,805,0,116,2,3,NA,1984,1,22,D.R.,Maria Trinidad Sanchez,Nagua,NA,NA,NA,NA,NA,NA,Ubaldo,Jimenez,Ubaldo,210,77,R,R,9/26/2006,9/28/2014,jimeu001,jimenub01,NA,1984-01-22,176.666666666667,5.90943396226415
Vance Worley,166,4.231134931,120,3.564211854,175,3.826607818,168.3,4.2092686,worleva01,2012,1,PHI,NL,6,9,23,23,0,0,0,399,154,62,12,47,107,0.294,4.2,4,1,6,0,590,0,69,11,3,NA,1987,9,25,USA,CA,Sacramento,NA,NA,NA,NA,NA,NA,Vance,Worley,Vance Richard,230,74,R,R,7/24/2010,9/26/2014,worlv001,worleva01,NA,1987-09-25,133,4.66917293233083
Vinnie Pestano,64,3.09408575,57,3.629810845,60,2.951954603,53.3,3.695409836,pestavi01,2012,1,CLE,AL,3,3,70,0,0,0,2,210,53,20,7,24,76,0.207,2.57,1,1,4,0,286,13,20,0,2,NA,1985,2,20,USA,CA,Newport Beach,NA,NA,NA,NA,NA,NA,Vinnie,Pestano,Vincent William,200,72,R,R,9/23/2010,9/27/2014,pestv001,pestavi01,NA,1985-02-20,70,2.57142857142857
Wade Davis,178,4.646595208,169,4.570063052,140,4.985523329,171.3,4.821525851,daviswa01,2012,1,TBA,AL,3,0,54,0,0,0,0,211,48,19,5,29,87,0.189,2.43,2,2,0,0,284,15,20,0,1,NA,1985,9,7,USA,FL,Lake Wales,NA,NA,NA,NA,NA,NA,Wade,Davis,Wade Allen,220,77,R,R,9/6/2009,9/26/2014,daviw001,daviswa01,NA,1985-09-07,70.3333333333333,2.55924170616114
Yovani Gallardo,203,3.804741488,182,3.925006305,215,3.793808323,195.3,3.782875158,gallayo01,2012,1,MIL,NL,16,9,33,33,0,0,0,612,185,83,26,81,204,0.243,3.66,3,5,0,0,860,0,86,11,6,NA,1986,2,27,Mexico,Michoacan,Penjamillo,NA,NA,NA,NA,NA,NA,Yovani,Gallardo,Yovani,210,74,R,R,6/18/2007,9/25/2014,gally001,gallayo01,NA,1986-02-27,204,3.79411764705882
Zach Britton,171,4.493530895,137,4.591929382,160,4.613795712,156,5.30258512,brittza01,2012,1,BAL,AL,5,3,12,11,0,0,0,181,61,34,6,32,53,0.26,5.07,3,4,2,0,270,0,37,0,1,NA,1987,12,22,USA,CA,Panorama City,NA,NA,NA,NA,NA,NA,Zach,Britton,Zachary Grant,195,75,L,L,4/3/2011,9/28/2014,britz001,brittza01,NA,1987-12-22,60.3333333333333,5.51933701657459
